uuid,topdeckProfile,name
b510fc1c-4555-4ed8-a215-7dc60002f271,XJMg_Psvg3I_FRctCko6P,Dr. Ana Lang I
cca8c4e7-71f8-4157-890b-e90402973081,uD8plKHyjPkZEas5aoen5,Ben Morar IV
2905ed7e-5f5e-404d-9c42-9204314c34c9,z92wMARzr7A0z2vl-UD8I,Tomas Quitzon DVM
7a06cccb-1593-4e75-bd0e-b5464bfc48e4,BuLB6JvcSaBPNBL3s3VHa,Timmy O'Keefe
f754199c-42b6-4ae7-96c8-11f6e9fb3371,spLUMmhwfNMFUHUz8xrqR,Ms. Jeannie Greenfelder-O'Keefe
14052c55-100b-42f2-ba8a-805fa4a14cba,3hiSu4GCJiD_A2MKbouRG,Jody Ledner
de8ba78b-53fc-4654-8845-5bd98734e467,CErzXsEhFoVCf2kuvpN0b,Trevor Boyle
e586a5c1-b526-4fd4-9571-181d5be1ef12,0OW39NWFg7l4ADz2Nfrr4,Alfredo Bauch
e9ebc072-7ba4-45da-a552-cc72b9a836c8,hDBW0MdNrj5WXZQLHm41F,Matt Kemmer
acc59135-3f10-4c77-9e29-6531c0fd8ad4,lp744kSeedjayGCoc-7ql,Ms. Karla Turcotte
3dc02ad4-00e4-43b7-9f48-1dfbc102ded6,bhwjbjYAsRps-OSrzGQUO,Travis Swaniawski
8ec4c577-56e0-4521-ac29-ff956439f684,OT2U7KKGGx3-5KytSmmnF,Delia McDermott
65fe6529-cc0b-4296-b0be-c8c29eed1597,LN7XNTGcGwDTo0fJuKgES,Phil Haag
328ea50b-8a88-455f-8d3e-564248c19046,RQEu3iVZjZaR5ChzHExwg,Joe Jacobi
2ab90b62-6bdf-4a17-a4c6-f36317071255,0tqrJpmAMJXFLhP9cYN7b,Dawn Robel
2c72e9ae-f302-4deb-9e7d-06091e096c8e,Fj1Zf-ZajSoraJVPfcvwK,Marty Brakus
cfff9324-9fbf-4946-a0f5-f8c0c4ebfdbe,cXZHmEPsif5p7_KCOSU16,Sam Lubowitz
dbedf301-7771-4af0-b14a-98f438ed1323,LcIH7Ml5TgiE7caf4E_qX,Miss Teri Cartwright
2a544495-bef4-4b16-8ee5-a489896be0b8,26ZzNvaqc_tWEeR5_Vg3M,Hattie Donnelly
9bf50627-3b1c-4e46-9d29-25f0431e7b16,rYylEMmr6AVq5LC3vEFSN,Adrienne Ullrich
c46ee7bc-f637-4e95-84d9-e2e736e87c49,Y6xoz3c085z28tLNmo-dR,Mr. Jesus Lueilwitz
ab8f3da6-16dc-45f7-b94f-831238f8f3dd,Xs08_nyvJHyPxsFa1FgJe,Timothy Sawayn
acbb4aab-fd83-4824-860f-ac8234ae9923,PSjCdCjpV4HUpZRfqThrE,Lois Durgan
e7af41d0-1e82-4c55-8b47-bb995680d546,VGG3gd7M8V2NWpOiOLDsQ,Beverly Koepp
a5f0bb5d-738f-4e5f-8e49-9bdc993796fa,nkUwWKz82aWNJqb4oHzfU,Ivan McDermott
42fa45cf-ce29-4468-a9fc-750d71d3531c,EfO9RyR9N28xRN5IeGoUx,Joanna Runte
517a94b2-8b0c-4763-852c-f19088ecbfbc,tFFRNTUSdVfdJWwDd7VDp,Dustin Auer
c7bbce61-d539-454c-9d20-637cc48d7e11,Q_R510Ba8cv-iIktTbmnP,Mercedes Schuppe
7386de8c-e0ac-487c-b6a9-8a80c43542f9,8ulD2VIU2uuIHxS2sWy1o,Mr. Eugene Bogisich
419e0c7d-45e2-4020-a77f-f0b406a14df2,TMtNUix1w_HZaQqpbS6Pw,Percy Crist
e765aee7-2efd-44a3-9668-b9ff1b6f8512,aXzTmwEMVPC0cJzmCldO7,Hubert Ritchie DVM
27136985-e371-4187-a7dc-533d696676c1,q2zthE-ReMCgn0Py3FiBr,Ms. Dana Walter-Gorczany
44dd2e1d-53e4-4386-ba62-3735f64f495d,AHQarTjSTTqT4lZuD6KDu,Clifford Koepp
a64cdefc-7271-4207-947f-3a917b95b903,yC4V7DlUBw0_YD3SwgnKk,Ignacio Cronin Sr.
50524e85-045f-4b90-8a46-4830d699db8a,M5DyoH0qYMpLH-1dF7PtO,Roosevelt Morar
a1f0a12b-76b3-4de9-b0b8-c20f93b783be,Q-g0jXL0bBfeGFX7t2_oD,Edwin Jerde
e609b3ca-5fec-4685-b80d-c50f5890a818,N3QZ3IwXUqVMi5B14Ppa6,Madeline Stoltenberg
eb92c538-4a4c-4a65-97db-3c1c0102b88c,z4QoYpOX1LOoBQQ7McSX6,Saul Hirthe
d00621cc-de91-4620-9534-bccd4c7c8fc0,MZdhYoUe2mmr9QIqdkEGi,Ed Reichert
721d2d4c-eed7-46b1-93bf-da60eebccc24,1jAUzgFCWCZ1F00-Av_Bz,Leona Trantow
ef2f2851-7462-4bf7-bc97-161a771e285f,YSyY6i3oNSdws2vI116Rs,Juan Skiles
3368d4dd-5b59-4608-9092-246611e3b715,crsI-ub0Zi6ke-bGuhFkD,Ollie Kreiger
ce6b9197-7c27-473c-8a38-e642c4bfb87a,fuj_KgYFOpIAEUNjnkLa9,Nora White
2127d9a5-5cf3-4124-9f01-a5a2f03ea05a,aZnl3ufaTuBGTeX501LqG,Francisco Murazik
3fda9bd8-3aec-45a3-9d19-87c7ec21819f,opsLvKV9WGuBMkJETB4PS,Janet Hessel
eb6df2d2-1235-4f59-af2c-22b778b83c7d,_vKnOugsGDqNapgrr6YFd,Robin Ledner
9c2f4285-cd27-4598-bb2a-ddcc6629d03b,aD_STpOREeatMSzkc26KW,Randal Feeney-Cassin
7e08704e-69c3-40a5-a1f0-ae097c526de9,U52gD1CsSU8CTD172-h1M,Maryann Paucek I
ee0603ed-b5fc-40ef-a599-eed501440193,se3zGF6lbfelBJGlW4Ui4,Jessie Crooks
a96a1a47-68dd-449d-8e27-e26d490ac8ed,0OL6lK4I_t-2jr6cL3IP7,Joseph Sporer-Halvorson
73c53077-067d-4490-9555-8fce53e65b34,z4r4Jf7ka58CvhzqY8yIG,Erika Huels
014d3653-b801-4b80-8d79-c86aa393c87b,zQNGr-KWUivOdRUvP1huZ,Marlon Bauch
1e38b228-fc20-4e99-b57e-ed463831bbd3,8-DJkXw5FmzZM6a4Ql_eL,Owen Zulauf
d3915a7d-0cdc-4940-bdd5-9e4803fe01b8,Z8qA0HKfGThijP_PR-rQ3,Byron Collier
79781f39-9cd4-413b-9947-868d74acb07d,Xie12bICfCl8WHPaGdRtw,Derek Yost
faa1bd99-89b3-4973-807c-ea1c18e62671,ck-nbciIFGGun4ay8A2_U,Esther Huels II
6d6c2a30-3948-4e1d-b02c-7caf4e5db1ed,N0tK8XscHTbAfikoDTQS6,Dana Klocko
b8caf6b1-fd85-4b83-b251-5f13fe0c19bc,TPvsl-LYGpV3R0qhpYNc3,Shawna Rolfson
1314691d-4486-4ead-ad7d-77ad7ff2fe8e,_yFCzSPZrWqdioxka0yNH,Kirk Franecki
b42a08f2-a121-492d-9250-0fe835ff00ad,Kmt35ZJUoEmB_XWaaG9-B,Jenny Bayer
0d993e72-783c-42b6-87a3-73602c8e72e0,namP4KQmz3aAauUxL7x6x,Christina Towne
9f316052-aeaa-46d6-9f95-1e0544868eac,OczD2-NeRnwwb9A3E9QcQ,Salvatore Welch
0c3522b7-fbf2-404f-8ae9-ef77e38cbf73,wk6652rdK44y8bJRPGfWg,Vernon Bogisich
6f20b1f2-00b1-4f53-82c6-4ad00b0c4319,CU2iObp8Hs7UklrGP58uA,Mrs. Joanne Kilback
8c4487c6-0fd0-4f90-896e-901ac88041e5,rBsJi5QYHqw-94_n-zrHH,Karen Willms
ddb3b862-1ddf-46ca-9cec-3a0045afd23f,KQB8g-_pVQ4l2Ja_-BXH0,Leo Harber
6ea4be22-ec5f-4716-aafb-9525e6c2cea0,Jv0VlZu0VoPKiVacQ9zSM,Mattie Hagenes
bfd72791-719b-4d81-8949-d283c5c53e91,37a9DIH4BZ9ywI3bvU3j1,Clarence Bode
e59b22f8-2325-499c-bc85-3c43caa9473e,w4vaiaX3hi0qSUCPvcnuT,Darrel Predovic
c069d913-6b22-4950-a655-ce3103386209,vxjVJbOuH-zq_NK_k18gt,Steven Moore
7059d924-a980-483b-8ce8-2ec3295821a4,I3kVK2QoMJQPU_UYN--fa,Elvira Mosciski Sr.
a8e7bf2d-4986-4e6c-acf0-ac93c4d6af4a,H-7S-8LkZv9qtJ5hEoU3e,Toni Larkin
f58fc5b6-50bd-4985-be4c-4a7c934f9e41,85Xo11oJTpEQkQHpS2038,Lila Altenwerth
fa8b5751-33b9-4533-bb75-d2f4ba257534,Hk9EsKzXxfF97ORmTTu_H,Paul Gislason II
c8316cb1-7f93-4b37-8a7b-2f0373412c81,9vh7PbsKJGhEZlcO7c33_,Roman McGlynn-O'Kon
b207b00f-73ac-4b8a-ba88-5fd1285f463d,RN96fjSOlLKfQvURlgOSZ,Dr. Clarence Gibson
0e58d19d-bfd3-4fb6-97b9-3d9d5b70ade8,j3aoBkhaJnc3pBwwu3VIV,Rick Von
b30467c5-9c8a-4e08-8286-63f5b18d7949,ixh6fsFpNW7KAZU-JM6iW,Vickie Haag
566e2426-a7d8-43ee-a564-79704f9e1de2,l3RfugZ3cVn5EDno-1tql,Mrs. Monique Aufderhar
60ebfaf7-88a3-4e26-a0c4-7154f40a3fc5,wmbcNurjg656sS59YJiv2,Dr. Danielle Schmeler
abb7661d-6088-4c4b-9c16-dde1d5c179ee,NoJjZzG6B0fggsLcIqNSe,Carlos Quitzon
93ea50a8-8c8f-428a-9f52-6b8c817ef454,UD6RJO4VQOVUJ1B-4d5Gv,Vernon Adams
0f706a6a-5103-4a5a-bcdd-9682abc8addf,SXI-ec2QxMxkWBgb1GHz8,Earnest Williamson
2066339c-b896-4460-80cb-e5d6b51b036b,rpn8Y5MYrIFByGOZ3lmpk,Dr. Maurice Graham
527741eb-65f8-49de-968f-38618336f973,DJ7W6i6zjoMZiDWbpEVfO,Francis Cassin
4958f400-8757-46a5-8fff-fb839aecef41,S1hDviIIYhHWPMhw7fnji,Jeanette Ernser
19014971-42b3-44e7-b20e-34d6fc3503ad,GOzsV2MWxadhHS2ZolSRc,April Yost
4a074012-d81e-4932-b0c6-6870605c469b,3Mo6Ggg30KIx0-xhulKHt,Maurice Gislason
0bec4a6b-d0ed-4150-a69c-be2fbfe68ec0,o3t8SFWrLds8Ess-vsc5f,Jenny Steuber
d446d047-2d3a-4add-9f9f-df60e149aab0,TPOa3fSGudfa6Pfnxc_HH,Kara Kovacek
343fed12-f83c-46f8-9df9-c66a8cf1dff0,c5gzcQ-AvxBQmpwQU1Uoh,Beulah Homenick
d7bdd6a7-d210-4f87-94c1-11594860a5c3,Yu6oR-8giI5aVFNZRR2ty,Sergio McGlynn
86d457fe-f9d9-4608-a299-9df2c2b6542e,DjUC2H2EqP0VuEfMkSPY5,Dr. Theresa Boyle V
15076dfe-62dc-45ce-9829-a4aa9dcecea7,BQWW6WfDPuzQh8YiAUjfe,Stephen Parker
0954a597-7aa7-4b03-94cd-48d907591242,qi0d0K_539gdUjURtXAAa,Miss Marie Gislason
77515798-f6e4-4031-bd2f-cc1c660e9e8b,uraHDVZdB7W5xBscRT3Wq,Caleb Koss
3e6c7c0f-018c-450d-a0e0-c3fbd040b235,2Pw_mOSCSFIQCaT2h6hoW,Leticia Howell
d8aea2ca-713e-413e-a5d1-eee14bbc2d37,An-V1BwwrNkHvkSGV30Xi,Joyce Muller
27fcb8e9-7566-4ce0-8752-fcbd171d8bde,dKGgA1fsR1myLdSKuw_L-,Kendra Fahey
d600f899-e76a-4053-bb1a-aa8d7f41d9a3,0Lh-g1q6dE08gM2toaglU,Frederick Osinski
27a86e05-6e64-4944-abc3-2e3650d97f99,D7nLhtKMlWnPwOEGlSCQO,Howard Rau
2d3d7561-f36a-4556-b652-c10cf878808d,riKC8RAgEtbQ3PNNvIz8w,Loretta Collins DVM
6783b784-4705-4dfe-9fa2-f957d2d4fcb6,2pdK4NiICSQ0l5ifcziCF,Henry Heidenreich
f61b0a47-0e70-4c1c-979b-c558f05f9157,JCChjbwIjBa7au7tsbwO8,Lance Considine
4aa4e47a-6e20-4416-b072-75cae2e002e9,zghLYpkBwQvzrxAGN3Hko,Dr. Frankie Jones-Cummings
161bddcb-9e8d-40af-aacb-ae213dfb67df,MN73s58vLjLx1Us5IcJZV,Mrs. Mindy Reichert
3ece2a15-9871-4625-9674-632ca256ee79,YZFX-xtqTmJRh9MZdFq9T,Wendy Kirlin
2a24c848-1b97-466c-adf2-38d808e1e87f,rCEsT0B9veLrbrmsZCzmN,Alton Hermann
3ac541b4-3d58-4aeb-a947-4e293331f4f5,q1cjA0M1x6ezuDO47WjFL,Sally Gutmann
cc6aac83-f925-431f-b820-58d7df53014a,qxpC_rcts3v4-MLxgR_Fm,Cary Daniel
b2212978-0248-4aeb-866d-0ffc0b7706f4,lfkVzxF6OGFED-C7DwBu7,Miss Rosa Zboncak
3e6e4edf-9c0a-4533-a66b-3894aef89c4d,ToX3Z6v7Y39yf28_oHkQU,Gene Kshlerin
a5a1b1ed-7f97-4d41-9a13-6bed50764085,7nhdc9JitIEDVZQJ2TMoF,Aubrey Bauch
e5d1dc1d-a0c9-4ff2-9334-92b646c8d909,xJhdCSdfrFVJGCGYluvxH,Blanche Cronin
94ebbd4e-2c92-4111-97bf-865543ec9dde,Aud5t4biXX2eIfTrmhKE4,Wade Corwin
91910502-7ab5-4366-939d-824d233bb99d,-e2lHcm8LQUqc5qR8-O2V,Frederick Romaguera
1fe46fc9-72e9-4de4-851e-fa4459c49efe,P-u3qvGYJLXuc7qAYfEx1,Linda Barton
bbc50018-8af5-463b-88c2-103e8aa8a0bc,yqDPp-smYm80BFAkjeC85,Boyd Gislason
8c4597eb-b394-4d73-891e-4ad64be63158,QKts_l2pRNkJPUVR2bTNl,Ora Mayer
4de4d7ba-bd10-4c3d-baec-97e9e146fb64,43jkOkJrwClOSCvdqp8fH,Alfonso Kassulke
98fcf94d-f22d-4242-a357-56b228514a48,JbKtajRsKjQjaVAaw19dP,Crystal Welch II
7ac629d2-20e4-401d-b225-b9f43bb894d9,a8SRFG63gU1QxCQ5sZYR_,Janet O'Conner I
65fe1edd-1e9e-434a-9313-d9fc5ffebcb4,ibtBYjZgm-MmI_Ao53EBV,Andrea Zieme
1f40b484-7f20-4dc7-8282-f24f467e1ece,TmxYunn3Ivn6nuN94-0sC,Mrs. Kendra Hamill I
271c3069-766b-43ef-aec8-81790ded6732,Ie94z0a0XKELSH35diNcW,Mr. Bennie Murphy
8d9a0b66-dca5-4ff7-ab27-d317287ea6a6,FPli4STfec5Qbc4ANRAvP,Elisa Robel
40b78ee3-bea5-4686-b326-c012d3c23c07,Lw5oz6YoYDw7mJ-Kvqg1w,Jonathon Bechtelar
866e201b-23f4-4db5-9544-9e8431a9f1d8,491aMM9aGaWVq0BAziBW-,Blanca Schamberger Jr.
dba99b95-80ca-499e-88d8-d92133569425,KTYTgsxsbHiBV1N1fWHN8,Beth Dooley
74f7bd6a-6972-4756-98e5-7813cb034830,4EN45Lih2L4gYdsHls1xB,Delbert Rodriguez
cf723715-38fc-4a41-835e-190264bfc06b,7QNXZoRIgcHpjdipY6fFe,Rudy Lehner
fa92f9e1-434c-4c0f-acff-d432fc03d094,3cjKvymXLWXeJbQTmQvnb,Amber Hills
8ad7d795-38be-43b1-8fda-30cf77319b94,m7T4EQFLaC0qVV-tzjE1K,Hope Crona-Fritsch
0f0920d9-721b-47e8-aa83-52a3bc03373d,G4G26cW1XWDJ6kWT_qbw7,Arlene Lind
d2251bbe-f3f1-4a02-ab9b-c2d537108cb8,MZTPuX-Y9HgUi9lWsy6--,Salvatore Bergstrom
5698ba04-14a1-4d05-9da6-e7f1e2fbe333,KUN3sApNlhEJmDZWUo-S3,Mark Mosciski
e6fbcc7d-5a1a-4f58-aeb0-37854abffc63,xBsydXikoRBo5AkAPg7J1,Maxine Bahringer
fe180010-192f-45d1-9288-efae00794577,fjr-EudO5PvdN_Mj4NNj5,Rosa Stiedemann
54790c6e-fc78-466b-a9a5-0f19275539a2,OJzT6vP3AFy0EhQnoj7ie,Guy Boyer
c9474c80-d02c-4a88-8b6f-33c4b3da98fe,p0Kxp2_uwPUUmVsMLZzIF,Israel Wyman
40677059-ff20-4c2a-b292-2df924c064ea,Yzxvjy-tc8VdDQCW8-QII,Herman Zieme
4545ce16-3b8a-4653-9394-a4df86653bff,VuziDk0D4_35v4tzB6lwQ,Shane Schuppe
e02e82d7-d003-4d6f-b383-484e65d76b2e,YviKEcDytElfFkgzB0MgI,Julian Robel
f44742e3-e8c2-4e2c-b292-48a4e0ad5d4e,vwQUav1gpwqQoJ9U6-NE6,Dr. Martin Rath
5f550c80-6f0b-467a-b0d6-4112dc577f8f,_KoJo5AziFqJV_NeegD-O,Lynn Brown
73886496-5537-486c-a2aa-f04162a57ed5,JNYD5GjHJktbrDlZzFf0T,Amanda Conroy
0feda77b-1df6-4214-91fc-a68b135f5286,KkaiwD5tlDfnDT8RUR5w7,Rodolfo Gottlieb
87dafcbc-56e6-4747-a53d-7ef7a6ae0229,PSLRebljux5sVYZIxpdhn,Lee Boyer
e97eda07-96ed-4fdd-bf70-4d5737169403,3l36X4IsDz_ex_nHisGsv,Darryl Schmitt
f964c92d-71a5-4336-8db6-5e208e277ab7,xq8AUrsS3nYc58ROE5-0S,Saul Schuster
13584a06-4516-4d36-8de6-171efa46e3ce,flo5LXzhqIItlQjVWOskU,Jon Koch
024451d1-9116-41f5-82a3-892ff8b23f5c,yDf_PVG53oIVpUw2WsvEH,Irene Gulgowski
977470ad-3cb7-4443-8ff9-fca35ca97afa,pUz3zB0dhzCs_TDYfT9PR,Nora Rutherford
24b6a1c0-1477-48cb-97eb-4010dacd17dc,Afzj677tBQ9eZlgBZrzRu,Antonia Grant
e15471ae-7b48-4f13-9113-1ec49bbd6ad4,mM8ll6qUPxpjaWKwVKBQH,Pat Macejkovic
fe4de53c-54b0-4dc4-9c4a-7b9a59ee8049,gskjWU5EHIHNJ8azmfI3j,Brian Swaniawski
826fb927-161e-4259-9b44-489d592f42e3,OFiDN_RhAdDi1QQ5W1AXx,Sophia Bogisich-Hartmann
39af7953-be6a-40ce-8d35-13d190041df7,xB9WHYf6liV7xlyJaLS18,Jake Cartwright III
f0d27186-fb4d-4c8a-9922-c5cccf8bc529,LzYZzPpH1x_rwkr78p0G0,Dr. Harry Reynolds MD
47678add-8415-485f-b4d1-66e38464992b,Swzo7sP1s4xuNFP0-ge5f,Elvira Block PhD
a6db4001-7f39-44ea-8017-b7fd271e4c91,riWCbtUCuA2fwjdsadfh3,Javier Huel
a6bacd54-e185-48f5-a6dc-5936480533eb,u-sfSbIMHa2Oo8ZL2k1gl,Eddie Oberbrunner
33a20031-b2a5-4204-9e6f-cad91eea767e,EA4tOPz0ripkp_wHAm7eH,Rolando Kub
d44cd44f-2be0-4b59-ae6d-1d63042ce3e7,HEp9O2YISWuNQP25pGSHf,Dr. Gayle Kautzer
1b5e9104-8274-4562-a16a-b9f323e5385a,If_rDdUvA023te0bNKoCl,Dr. Marc Pollich
ccfe4d79-bca9-403c-9d35-94cbdf615c2e,aY_Yunj3PMdAgD3rg-ywH,Tanya Wiza
f233153c-d613-49a8-8420-8c190fbebec8,Xwj6-OGKPc6_4yxNZCAO-,Mr. Simon Brekke
78a454a3-6cc3-44ea-8961-c691665d2663,L6DV3u3dvtDcB6PY4p2qD,Dennis Schowalter
47e3256e-e6ed-4274-a107-6a519e4d18bb,ZbTXyIo-nc9Prf-OkH_p9,Lamar Reichert
f5ac4766-b937-4f24-82a3-2201325fc4cb,zIvkdXMIKVT-H1NnbCn1A,Everett Oberbrunner MD
a2b5e88d-e36e-4994-afda-10cc11e83301,PcuAwwF0z4XsLf9BS5qgO,Frances Kassulke
eb82650b-c6e5-4947-a38c-7ba40e08ccc0,Q0YGBdJf1VmWVeKOzKXke,Miss Emma Bruen I
e8e63ced-854f-4aca-8cf9-6eb1dcc0d437,o6z_9KRpdh0XAFFQHtvYp,Terrance Schneider
e45f2a1f-6290-445e-a760-867a4c8ecd33,POUNIVgfmb_6F_nyZc5cd,Mr. Charlie Kertzmann
00c7ce15-4727-45d1-b592-10f196dcbee8,TByodzqU-vctrbfYZzeg6,Victor Prohaska
fc83fa77-5f1d-4eaf-8bec-6ee5a2f712bf,mWshe4QutFBz8qT2ORW3K,Chris Tromp
b06b7e2f-d0b6-4d67-bc6e-9fe0217238b7,OpqES5mpW6BuyMDO-H5YW,Tina Emard
7fb0d930-cd8a-4847-87e6-dbf9ed1cd448,34IbFp6ycP0T1ysREYUyF,Greg Bosco
631f9699-0a54-4d74-a809-1e3393dda484,mOvK8hpR6i0bKlGZd3vNW,Ginger Zemlak
7b8938ed-ec69-46af-ba62-537806643d09,v6a-77N7EzwNzFIwKMEgh,Theresa Volkman
a03964b0-38e4-4f1f-8aff-9f72eda86418,pZQmxDld7SGHlQhjd8Fn3,Paula Schuppe
16ca1382-23f9-4648-b671-f62da6f8e35d,rSSnQpWlF4rGKsuIG_NDH,Tamara Ortiz
b8e98578-0f61-4a24-94ec-52864341ec04,p9pylBghl043XSQ7ELSgY,Boyd Haley
8523ffc3-8441-4be1-a073-90a581bc6468,sVBC50cvIl0NGPGmkRoDr,Wm Shields
1187fdf0-fe4d-481c-998c-0137b923d3cf,uZ-m9ExhCKEpCql0KNomR,Mrs. Clara Roob DVM
df88a80e-a54f-4ab4-ab97-de324530b421,FIHrpttO3UO0DhAHx7efu,Cristina Schroeder-Pollich
59db58fd-c6d4-41d2-8a14-ee1b9ddc795c,-BQo6iTzg_u425_6BpMpd,Terry Leuschke Sr.
8e597643-519b-463b-ba30-30bc558aa8b5,RuMEAsvKeVriFNCG0JCKI,Shirley Block
36349bf6-e4ac-4d5e-b946-afbdf9cfb2d0,2lcCjtCt5Fkp-UYj1HtMG,Sally Christiansen
a1852249-b9ab-40f9-a059-c84df39600c7,81PNbSOOcIT6weHVPH_hY,Veronica Gulgowski
d9175f44-e65d-44ad-9574-71a9f5d9667c,3GBnTX2G5N9dRheIaBrsq,Dr. Nick Kautzer
72b1acfa-6ace-4fba-9ebb-5c55e01cc508,WwlY4S6z6SX8kGVqq9cIU,Chad Powlowski
4c6a2c38-0aba-491f-8400-91a29bbb6525,JjmQRDIcWIstQ5ETziAuY,Geraldine Kulas
f5b04f3a-208d-48fa-8dfd-ad9fb8372fa1,9QgwpyiJaE6_VU6-M7DHm,Bradley Armstrong
958c8e49-07a9-4c7b-b87c-c1e34855f6a8,nY8tkLkE8cB1ArwPVyT7f,Al Moore
b76ee04b-4739-4913-bd13-7b752892009c,kreHgWGtGmFGhxwDcOc6K,Clinton Wilkinson
44013d58-7327-4de5-a6da-12748a450e0d,n4ltMfVCZyxJ81DpFUIog,Evan Medhurst
13b6ef32-8585-4a4b-b18a-ede4eacfeeec,558k8JWWsHSyXLwihmp2f,Ernesto Hand DVM
cda69a47-0720-422e-ab5b-54263d588cb9,DakJMU9oxoYqQ2ZcnzSyT,Derek Hayes
59cad298-b5d7-4238-8ced-52170bb63940,9ymbot80w6ElUseiH9zCY,Dr. Gary Kulas
851ded32-8f36-4c23-9fe0-451397fe9790,Uz3AZmia1FViPJVnCPfeU,Raquel Goyette-Stroman
2035be9b-baf0-43ad-8756-dd2aaa8fbeab,0_6FL92ij_NL2xbMbODI7,Katrina Roob-Dooley
a2d02cd0-ce36-48eb-873e-e0ef20455b41,I4WkfCFW0HFj-zTWT7pt5,Lyle Okuneva
32731985-6626-4899-9394-9abd7e009890,usoK1pB-3PwWhpj4tL7Em,Andy Rice
8cf342e6-7a7a-4691-bfcd-538286d0f044,seqLwEB1H9pGiUGZfPe1W,Phillip Jast
af485e66-364e-4c51-963c-a8b5d89c10c8,t-knogYheyVqrD8Rfilta,Harold Kunde
ed17bd3a-e49a-4879-839d-db2a7cfb42ec,GuUVyK8Zv24Vymu9fZDUj,Ms. Hannah Schowalter
d7dc128e-dc18-4a42-9939-9e71474751c9,vFuS7lOtm5Gq8plOWOdwH,Ethel Pagac
e3535616-d67e-4374-8331-d48d283a1323,hC7fNawrHggPX5df_8rcO,Albert Volkman DDS
536fec1f-4cd0-4d9e-bc50-31dde8583aa3,yeT5P_6Ct0yQObPumFm1N,Leslie Hintz
1a2ac0d9-61b4-421d-b2f9-53d3967ee89b,bGYnng3Q33pDiYi1HWkf3,Jody Treutel
5c621520-cd84-44f0-a226-b4cf3bc59fe5,v73eyiRvH6dKkJPhSOpKY,Michael Jones I
7185b473-2f33-47ef-acf8-f8c801e053ee,NpI1nKdfe_28Flf4GHNrH,Gwen Baumbach
bd9b75da-3772-44c0-8467-efa65a10bb97,yJT5g5xCT8GLXc55dUASd,Wendy Barrows
d7dd50a4-2d7f-4de3-b292-e04a4276a435,PUufARUVs4yHPf0VYfQ3R,Miss Melinda Kshlerin
6867ee0a-d981-4537-af2f-06a6ad9eb975,jgna5UO-lIeZsKqQPkR9K,Tonya Keebler
bea1d4b7-3c67-4744-8658-95d2b88d8dfb,tQihmYTqjyXpGVDDMGBPt,Brett Fay
4e138ff3-c8f3-490d-889e-34e5c38f445e,8hbb_kc6Im6iU6WHHUSYB,Cody Rolfson
d9d730cf-9eb3-46c6-88e6-ab45242dac01,wTHrnb16DeEyCRp0bWiJH,Mary Hilpert
8fcbbc21-1525-4872-8f2e-c9f7167e8a9d,0vknWLi_IhQ-s3EgpkHhS,Marjorie O'Keefe
0416bda0-245b-4754-9531-49bd658352d1,u86vM7PSMDwoM-ui7Z5vD,Lynn Dach
3232af55-db50-48f2-8563-c999513554de,aqK_QFsCOc9MqfISpHhF0,Grant Dare
aab2c0e6-8bca-4193-906b-9bf706ee1071,r4Q0B2ibkoiT3ucRe2205,Harry Koelpin
55690404-0b2c-46ec-9b23-705e2bbb6d3d,-Kv6ezy5l46cFKgLcG2pj,Derek Anderson
c45adcb6-5f9c-4ca7-86cc-3e723caacdd9,yJ2TATg1eEqZETXqDYyVV,Mamie Robel
f6eb2b50-9c84-41d1-9d66-232465ff5ff5,RjBCJHsb5HjSSHtehkEDo,Olivia Walsh
a1740f81-7eca-4ba5-b975-07957fc1904d,8t95KEMl5vEii9S1cD1nH,Jose Douglas
771bfed1-5ef8-47e0-8454-2ae6312863ef,0rKTQqeGZJxUtSlMULYF-,Eunice O'Connell
42d77b29-4c80-49eb-9f0b-c41de5612cca,oZusV7hD50KhOSf9ITgfu,Kerry Runolfsdottir
2c2ea964-4fca-4a63-b0d8-61d32c097b14,y8VItiZfHb9hu5z-OEIQ2,Ms. Beth DuBuque
428c616c-cb3b-45ad-9ce3-c9646b44464e,2cUasSR7K_EbkLYPfFMyl,Rudolph Gleason
0a7ff4ed-4191-4f42-a1df-6f756f678c14,zkf2laYskIuzdrSVv-JSo,Bobby Runolfsdottir
92c3f1fe-7e1b-4fe9-a7aa-de306709d6d7,hTRTwYBQZIfICXnj5DoMB,Delia Schoen
cea13359-4b0b-4403-aa85-e09e53864931,IkCYg9icVc1kS9Lb6Um67,Lori Hyatt
fe9eb8c3-7c89-4249-aa4f-a139efadfea8,wkyQ7EV2LT454DRaeeONW,Manuel Simonis-Durgan
831679dd-5313-49b8-b152-e4ab3fa79370,-NQZEtN2wNwpKn-kbU5Do,Shelia Rogahn
b5e2e0ba-3082-420a-9276-a85b458c2080,PKiR2sRGm66H1TZi2dAkU,Nathaniel Fahey
834485b5-4985-4b6b-9649-ad5a3e80ff67,mWaaL_2duMmPGTpfpplES,Francis Swift
11ee8ade-8c3b-4c82-8624-df7f848ee7b6,k_lVf6xNymg7UwT5j2HT6,Benjamin Langworth
662e43a8-29fd-4dff-ac3c-ed21103ce293,KmiP39i_uJxQtnfy6g9LQ,Sherri Grady
83a40476-3e2a-4265-b1ca-043cef6f59b2,aqSj1PnsC1mYrkznDTUDn,Melissa Bins
c5a790a5-e06e-487b-8c5c-845e9c81982b,935fFRv1zA4mn3lcBeu8I,Kelvin Conroy
843bab1d-4144-427f-b75f-c917d48c513c,bdHuvRpKLi5l8LMAMQhMf,Betsy Hegmann
938c096c-8329-43ef-a7a7-efeb6c0d0fd8,OzLqFEsDgISt2xBlRGEYs,Hector Bauch
b85ea1fb-747e-4448-986e-3f935c386e1f,LzYK-e_w4E3a9f9yE52vx,Jenna Hettinger I
5b7b5e0f-1649-4210-a1ef-5b36b60f72ab,XQrLgxhBQUb8jIhPtSTdO,Monica Luettgen
04130d45-7cc5-418e-898a-d8cb3c046c10,WU3CIF2L15KC9tEzSgW1y,Dewey Stracke
4b09cb14-7b25-4716-b394-ae0f2dd8f294,BNUZ6rL1fpL4k2TZZWg70,Whitney Parisian-Thompson
29e52ea3-8084-4d64-b914-8bacd4479b28,CPOuHtD931xezHh5NDuNE,Sonja Kuphal
d93fe977-e3fe-4c70-990f-e966bf35f76d,o5Cyihl-qFX1xGsD2-Z6e,Casey Lueilwitz
dd4611e4-f96a-4be1-a41a-cfbc2e36d3c4,CrKPCFSToZ_0LVkfI-zTE,Meredith Rempel
7ab04913-a9f3-485f-bb71-d27404ac6517,v0zFUS5BDQiPnEcZydd2n,Eugene DuBuque
579a68c4-c123-4834-8ed6-7705970b78c9,wiyQeT66MGWJRkO_gjMIq,Sherry Crona
5566fc2c-72e7-4569-a7f2-1774ec7c2c7d,SNMRsplH1i6fmuyhuHyNd,Cameron Durgan
d4376a25-afd3-4cab-8cd3-d55c05bf79f0,_ZXTH4_FBr14ewCoH49Zi,Brent Skiles
24dc712f-ae9e-4ac9-b503-ffccbf005ab7,sesZRCrc3PSywJJMFMR8o,Celia Wuckert
